,CV_Fold,Accuracy,Recall,Precision,FPR
0,1,75.0,60.0,68.57142857142857,16.176470588235293
1,2,69.44444444444444,43.90243902439025,64.28571428571429,14.925373134328357
2,3,69.44444444444444,31.70731707317073,72.22222222222221,7.462686567164178
3,4,68.22429906542055,50.0,58.82352941176471,20.895522388059707
4,5,76.63551401869158,65.0,70.27027027027027,16.417910447761198
5,0,78.26086956521739,54.54545454545454,64.28571428571429,12.195121951219512
