,CV_Fold,Accuracy,Recall,Precision,FPR
0,1,70.37037037037037,75.0,57.692307692307686,32.35294117647059
1,2,66.66666666666666,56.09756097560976,56.09756097560976,26.865671641791046
2,3,67.5925925925926,60.97560975609756,56.81818181818182,28.358208955223883
3,4,70.09345794392523,80.0,57.14285714285714,35.820895522388064
4,5,74.76635514018692,65.0,66.66666666666666,19.402985074626866
5,0,74.34782608695653,69.6969696969697,54.11764705882353,23.78048780487805
